{"cameraMode":{"drawMode":0,"name":"Shaded","section":"Shading Mode"},"sceneLighting":true,"audioPlay":false,"sceneViewState":{"m_AlwaysRefresh":false,"showFog":true,"showSkybox":true,"showFlares":true,"showImageEffects":true,"showParticleSystems":true,"showVisualEffectGraphs":true,"m_FxEnabled":true},"in2DMode":false,"pivot":{"x":36.11866760253906,"y":94.28054809570313,"z":-16.965892791748048},"rotation":{"x":0.06584618240594864,"y":-0.0538475476205349,"z":-0.0035266815684735777,"w":-0.9963365793228149},"size":107.57970428466797,"orthographic":false}